-- phpMyAdmin SQL Dump
-- version 5.2.1
-- https://www.phpmyadmin.net/
--
-- Host: 127.0.0.1
-- Generation Time: Mar 16, 2024 at 03:57 PM
-- Server version: 10.4.28-MariaDB
-- PHP Version: 8.2.4

SET SQL_MODE = "NO_AUTO_VALUE_ON_ZERO";
START TRANSACTION;
SET time_zone = "+00:00";


/*!40101 SET @OLD_CHARACTER_SET_CLIENT=@@CHARACTER_SET_CLIENT */;
/*!40101 SET @OLD_CHARACTER_SET_RESULTS=@@CHARACTER_SET_RESULTS */;
/*!40101 SET @OLD_COLLATION_CONNECTION=@@COLLATION_CONNECTION */;
/*!40101 SET NAMES utf8mb4 */;

--
-- Database: `botecha`
--

-- --------------------------------------------------------

--
-- Table structure for table `cart`
--

CREATE TABLE `cart` (
  `cart_id` int(11) NOT NULL,
  `item_id` int(11) NOT NULL,
  `qty` int(11) NOT NULL,
  `scale` varchar(25) DEFAULT NULL
) ENGINE=InnoDB DEFAULT CHARSET=utf8mb4 COLLATE=utf8mb4_general_ci;

--
-- Dumping data for table `cart`
--

INSERT INTO `cart` (`cart_id`, `item_id`, `qty`, `scale`) VALUES
(66, 25, 10, 'piece'),
(68, 1, 1, 'piece');

-- --------------------------------------------------------

--
-- Table structure for table `daily_time_record`
--

CREATE TABLE `daily_time_record` (
  `record_id` int(10) NOT NULL,
  `rec_emp_id` int(10) NOT NULL,
  `record_emp_name` varchar(250) NOT NULL,
  `record_emp_position` varchar(250) NOT NULL,
  `record_shift` varchar(100) NOT NULL,
  `record_date` int(100) NOT NULL
) ENGINE=InnoDB DEFAULT CHARSET=utf8mb4 COLLATE=utf8mb4_general_ci;

-- --------------------------------------------------------

--
-- Table structure for table `employee_details`
--

CREATE TABLE `employee_details` (
  `employee_id` int(10) NOT NULL,
  `employee_name` varchar(200) NOT NULL,
  `employee_position` varchar(250) NOT NULL,
  `employee_contact` varchar(200) NOT NULL,
  `employee_datestart` date DEFAULT NULL,
  `employee_username` varchar(255) NOT NULL,
  `employee_password` varchar(255) NOT NULL
) ENGINE=InnoDB DEFAULT CHARSET=utf8mb4 COLLATE=utf8mb4_general_ci;

--
-- Dumping data for table `employee_details`
--

INSERT INTO `employee_details` (`employee_id`, `employee_name`, `employee_position`, `employee_contact`, `employee_datestart`, `employee_username`, `employee_password`) VALUES
(17, 'Marco Torres', 'HR Officer', '09556454874', '2024-03-16', 'Marco_1', 'Marco_1'),
(18, 'Micosh Yutuc', 'Purchase Order Officer', '09154751547', '2024-03-16', 'Micosh_1', 'Micosh_1'),
(19, 'Aeron Herrera', 'Finance Officer', '09123854784', '2024-03-16', 'Aeron_1', 'Aeron_1'),
(20, 'Regina Velarde', 'Sales Officer - Cashier', '09548975891', '2024-03-16', 'Regina_1', 'regina_1'),
(21, 'Zenji Yangco', 'Inventory Officer', '09651254985', '2024-03-16', 'Zenji_1', 'Zenji_1');

-- --------------------------------------------------------

--
-- Table structure for table `employee_salary`
--

CREATE TABLE `employee_salary` (
  `id` int(11) NOT NULL,
  `employee_id` int(11) NOT NULL,
  `salary` int(255) NOT NULL,
  `insurance` int(255) NOT NULL,
  `tax` int(255) NOT NULL
) ENGINE=InnoDB DEFAULT CHARSET=utf8mb4 COLLATE=utf8mb4_general_ci;

--
-- Dumping data for table `employee_salary`
--

INSERT INTO `employee_salary` (`id`, `employee_id`, `salary`, `insurance`, `tax`) VALUES
(1, 1, 25000, 1000, 1000),
(2, 2, 20000, 2000, 1000),
(3, 3, 20000, 2000, 1000);

-- --------------------------------------------------------

--
-- Table structure for table `info`
--

CREATE TABLE `info` (
  `item_id` int(11) NOT NULL,
  `stock_piece` int(11) DEFAULT NULL,
  `price_piece` int(11) DEFAULT NULL,
  `price_pack` int(11) DEFAULT NULL,
  `piece_pack` int(11) DEFAULT NULL
) ENGINE=InnoDB DEFAULT CHARSET=utf8mb4 COLLATE=utf8mb4_general_ci;

--
-- Dumping data for table `info`
--

INSERT INTO `info` (`item_id`, `stock_piece`, `price_piece`, `price_pack`, `piece_pack`) VALUES
(1, 3000, 10, 1000, 100),
(2, 3000, 17, 1700, 100),
(3, 3000, 17, 1700, 100),
(4, 3000, 17, 1700, 100),
(5, 3000, 17, 1700, 100),
(6, 3000, 114, 1140, 10),
(7, 3000, 150, 1500, 10),
(8, 3000, 20, 200, 10),
(9, 3000, 30, 300, 10),
(10, 3000, 50, 500, 10),
(11, 3000, 50, 5000, 100),
(12, 3000, 105, 10500, 100),
(13, 3000, 95, 950, 10),
(14, 3000, 445, 4450, 10),
(15, 3000, 400, 4000, 10),
(16, 3000, 145, 1450, 10),
(17, 3000, 479, 4790, 10),
(18, 3000, 47, 470, 10),
(19, 3000, 115, 1150, 10),
(20, 3000, 135, 1350, 10),
(21, 3000, 10, 1000, 100),
(22, 3000, 9, 900, 100),
(23, 3000, 21, 2100, 100),
(24, 3000, 30, 3000, 100),
(25, 3000, 8, 800, 100);

-- --------------------------------------------------------

--
-- Table structure for table `item`
--

CREATE TABLE `item` (
  `id` int(11) NOT NULL,
  `generic_name` varchar(255) NOT NULL,
  `brand_name` varchar(255) NOT NULL,
  `expiration_date` date NOT NULL,
  `medicine_type` varchar(255) NOT NULL,
  `dosage` varchar(255) NOT NULL
) ENGINE=InnoDB DEFAULT CHARSET=utf8 COLLATE=utf8_general_ci;

--
-- Dumping data for table `item`
--

INSERT INTO `item` (`id`, `generic_name`, `brand_name`, `expiration_date`, `medicine_type`, `dosage`) VALUES
(1, 'Paracetamol', 'Solmux Advance', '2024-06-12', 'Tablet', '500mg'),
(2, 'Melatonin', 'Sleepwell', '2024-06-15', 'Tablet', '500mg'),
(3, 'Paracetamol', 'Biogesic', '2026-06-12', 'Tablet', '500mg'),
(4, 'Mefenamic', 'Dolfenal', '2024-06-15', 'Tablet', '500mg'),
(5, 'Loperamide', 'Diatabs', '2024-06-15', 'Tablet', '500mg'),
(6, 'Multivitamins', 'Tiki-tiki', '2024-06-15', 'Syrup', '120ml'),
(7, 'Multivitamins', 'Celine', '2024-06-15', 'Syrup', '120ml'),
(8, 'Multivitamins', 'Lola Remedios', '2024-06-15', 'Syrup', '15ml'),
(9, 'Multivitamins', 'Gaviscon', '2024-06-15', 'Syrup', '150ml'),
(10, 'Antibiotic', 'Erceflora', '2024-06-15', 'Syrup', '5ml'),
(11, 'Painreliever', 'EyeMo', '2024-06-15', 'Drops', '7.5ml'),
(12, 'MetahylSalicylate', 'Katinko', '2024-06-15', 'Drops', '10mg'),
(13, 'PhenylephrineHCI', 'Neozep', '2024-06-15', 'Syrup', '10ml'),
(14, 'Clinicians Xylitol', 'Vicks', '2024-06-15', 'Drops', '15ml'),
(15, 'Lidocaine Baclometasone', 'Otiderm', '2024-06-15', 'Drops', '15ml'),
(16, 'Botanicals', 'OFF!', '2024-06-15', 'Topicals', '100ml'),
(17, 'Benzoyl Peroxide', 'BENZAC', '2024-06-15', 'Topicals', '50ml'),
(18, 'Benzoyl Peroxide', 'Dan Mei', '2024-06-15', 'Topicals', '7mg'),
(19, 'Petrolatum', 'Vaseline', '2024-06-15', 'Topicals', '106mg'),
(20, 'Sulfur', 'Bioderm', '2024-06-15', 'Topicals', '5mg'),
(21, 'Paracetamol', 'Alaxan', '2024-06-15', 'Capsules', '200mg'),
(22, 'Ibuprofen', 'Advil', '2024-06-15', 'Capsules', '200mg'),
(23, 'Silymarin', 'Liveraide', '2024-06-15', 'Capsules', '125mg'),
(24, 'Lutein Extract', 'Optein lutein', '2024-06-15', 'Capsules', '200mg'),
(25, 'Mucosolvan', 'Ambroxol', '2024-06-15', 'Capsules', '30mg');

-- --------------------------------------------------------

--
-- Table structure for table `item_list`
--

CREATE TABLE `item_list` (
  `id` int(50) NOT NULL,
  `name` varchar(250) NOT NULL,
  `description` text NOT NULL,
  `status` tinyint(1) NOT NULL DEFAULT 0 COMMENT ' 1 = Active, 0 = Inactive',
  `date_created` datetime NOT NULL DEFAULT current_timestamp()
) ENGINE=InnoDB DEFAULT CHARSET=utf8mb4 COLLATE=utf8mb4_general_ci;

--
-- Dumping data for table `item_list`
--

INSERT INTO `item_list` (`id`, `name`, `description`, `status`, `date_created`) VALUES
(23, 'Biogesic', 'asdas', 1, '2024-03-15 09:29:32'),
(24, 'Paracetamol', 'kkk', 1, '2024-03-15 13:29:00');

-- --------------------------------------------------------

--
-- Table structure for table `item_mapping`
--

CREATE TABLE `item_mapping` (
  `id` int(11) NOT NULL,
  `item_id` int(11) NOT NULL,
  `section` int(11) NOT NULL,
  `colum` int(11) NOT NULL,
  `row` char(255) NOT NULL
) ENGINE=InnoDB DEFAULT CHARSET=utf8 COLLATE=utf8_general_ci;

--
-- Dumping data for table `item_mapping`
--

INSERT INTO `item_mapping` (`id`, `item_id`, `section`, `colum`, `row`) VALUES
(1, 1, 1, 1, 'a'),
(2, 2, 1, 1, 'b'),
(3, 3, 1, 1, 'c'),
(4, 4, 1, 1, 'd'),
(5, 5, 1, 1, 'e'),
(6, 6, 1, 2, 'a'),
(7, 7, 1, 2, 'b'),
(8, 8, 1, 2, 'c'),
(9, 9, 1, 2, 'd'),
(10, 10, 1, 1, 'e'),
(11, 11, 2, 1, 'a'),
(12, 12, 2, 1, 'b'),
(13, 13, 2, 1, 'c'),
(14, 14, 2, 1, 'd'),
(15, 15, 2, 1, 'e'),
(16, 16, 3, 1, 'a'),
(17, 17, 3, 1, 'b'),
(18, 18, 3, 1, 'c'),
(19, 19, 3, 1, 'd'),
(20, 20, 3, 1, 'e');

-- --------------------------------------------------------

--
-- Table structure for table `medicines`
--

CREATE TABLE `medicines` (
  `id` int(50) NOT NULL,
  `category` varchar(250) NOT NULL,
  `medicinename` text NOT NULL,
  `type` text NOT NULL,
  `unit` text NOT NULL,
  `status` tinyint(1) NOT NULL DEFAULT 0 COMMENT ' 1 = Active, 0 = Inactive'
) ENGINE=InnoDB DEFAULT CHARSET=utf8mb4 COLLATE=utf8mb4_general_ci;

--
-- Dumping data for table `medicines`
--

INSERT INTO `medicines` (`id`, `category`, `medicinename`, `type`, `unit`, `status`) VALUES
(0, 'pain killer', 'biogesic', 'tablet', '500mg', 0);

-- --------------------------------------------------------

--
-- Table structure for table `supplier_list`
--

CREATE TABLE `supplier_list` (
  `id` int(30) NOT NULL,
  `name` varchar(250) NOT NULL,
  `address` text NOT NULL,
  `contact_person` text NOT NULL,
  `contact` varchar(50) NOT NULL,
  `email` varchar(150) NOT NULL,
  `status` tinyint(1) NOT NULL DEFAULT 1 COMMENT ' 0 = Inactive, 1 = Active',
  `date_created` datetime NOT NULL DEFAULT current_timestamp()
) ENGINE=InnoDB DEFAULT CHARSET=utf8mb4 COLLATE=utf8mb4_general_ci;

--
-- Dumping data for table `supplier_list`
--

INSERT INTO `supplier_list` (`id`, `name`, `address`, `contact_person`, `contact`, `email`, `status`, `date_created`) VALUES
(14, 'sdf', 'sdf', 'sd', 'sd', 'sdf', 0, '2024-03-09 21:04:35'),
(18, 'sdf', 'sdf', 'sd', 'sd', 'sdf', 1, '2024-03-10 16:18:29');

--
-- Indexes for dumped tables
--

--
-- Indexes for table `cart`
--
ALTER TABLE `cart`
  ADD PRIMARY KEY (`cart_id`),
  ADD KEY `item_id` (`item_id`);

--
-- Indexes for table `daily_time_record`
--
ALTER TABLE `daily_time_record`
  ADD PRIMARY KEY (`record_id`),
  ADD KEY `ada` (`rec_emp_id`),
  ADD KEY `dada` (`record_emp_name`),
  ADD KEY `sasa` (`record_emp_position`);

--
-- Indexes for table `employee_details`
--
ALTER TABLE `employee_details`
  ADD PRIMARY KEY (`employee_id`),
  ADD KEY `employee_name` (`employee_name`),
  ADD KEY `employee_position` (`employee_position`);

--
-- Indexes for table `employee_salary`
--
ALTER TABLE `employee_salary`
  ADD PRIMARY KEY (`id`);

--
-- Indexes for table `info`
--
ALTER TABLE `info`
  ADD KEY `item_id` (`item_id`);

--
-- Indexes for table `item`
--
ALTER TABLE `item`
  ADD PRIMARY KEY (`id`);

--
-- Indexes for table `item_list`
--
ALTER TABLE `item_list`
  ADD PRIMARY KEY (`id`);

--
-- Indexes for table `item_mapping`
--
ALTER TABLE `item_mapping`
  ADD PRIMARY KEY (`id`),
  ADD KEY `item_id` (`item_id`);

--
-- Indexes for table `supplier_list`
--
ALTER TABLE `supplier_list`
  ADD PRIMARY KEY (`id`);

--
-- AUTO_INCREMENT for dumped tables
--

--
-- AUTO_INCREMENT for table `cart`
--
ALTER TABLE `cart`
  MODIFY `cart_id` int(11) NOT NULL AUTO_INCREMENT, AUTO_INCREMENT=69;

--
-- AUTO_INCREMENT for table `employee_details`
--
ALTER TABLE `employee_details`
  MODIFY `employee_id` int(10) NOT NULL AUTO_INCREMENT, AUTO_INCREMENT=22;

--
-- AUTO_INCREMENT for table `employee_salary`
--
ALTER TABLE `employee_salary`
  MODIFY `id` int(11) NOT NULL AUTO_INCREMENT, AUTO_INCREMENT=4;

--
-- AUTO_INCREMENT for table `item`
--
ALTER TABLE `item`
  MODIFY `id` int(11) NOT NULL AUTO_INCREMENT, AUTO_INCREMENT=26;

--
-- AUTO_INCREMENT for table `item_list`
--
ALTER TABLE `item_list`
  MODIFY `id` int(50) NOT NULL AUTO_INCREMENT, AUTO_INCREMENT=25;

--
-- AUTO_INCREMENT for table `item_mapping`
--
ALTER TABLE `item_mapping`
  MODIFY `id` int(11) NOT NULL AUTO_INCREMENT, AUTO_INCREMENT=21;

--
-- AUTO_INCREMENT for table `supplier_list`
--
ALTER TABLE `supplier_list`
  MODIFY `id` int(30) NOT NULL AUTO_INCREMENT, AUTO_INCREMENT=21;

--
-- Constraints for dumped tables
--

--
-- Constraints for table `cart`
--
ALTER TABLE `cart`
  ADD CONSTRAINT `cart_ibfk_1` FOREIGN KEY (`item_id`) REFERENCES `item` (`id`);

--
-- Constraints for table `daily_time_record`
--
ALTER TABLE `daily_time_record`
  ADD CONSTRAINT `ada` FOREIGN KEY (`rec_emp_id`) REFERENCES `employee_details` (`employee_id`) ON DELETE CASCADE ON UPDATE CASCADE,
  ADD CONSTRAINT `dada` FOREIGN KEY (`record_emp_name`) REFERENCES `employee_details` (`employee_name`) ON DELETE CASCADE ON UPDATE CASCADE,
  ADD CONSTRAINT `sasa` FOREIGN KEY (`record_emp_position`) REFERENCES `employee_details` (`employee_position`) ON DELETE CASCADE ON UPDATE CASCADE;

--
-- Constraints for table `info`
--
ALTER TABLE `info`
  ADD CONSTRAINT `info_ibfk_1` FOREIGN KEY (`item_id`) REFERENCES `item` (`id`);

--
-- Constraints for table `item_mapping`
--
ALTER TABLE `item_mapping`
  ADD CONSTRAINT `item_mapping_ibfk_1` FOREIGN KEY (`item_id`) REFERENCES `item` (`id`);
COMMIT;

/*!40101 SET CHARACTER_SET_CLIENT=@OLD_CHARACTER_SET_CLIENT */;
/*!40101 SET CHARACTER_SET_RESULTS=@OLD_CHARACTER_SET_RESULTS */;
/*!40101 SET COLLATION_CONNECTION=@OLD_COLLATION_CONNECTION */;
